Model,Weight/Slope,Bias/Intercept,MSE,RMSE,MAE,R2
Manual Linear Regression,-2.969274741457978,7.806466339546683,0.25930618095310815,0.5092211513214157,0.3802846489367576,0.7378210074741623
